{
  "num_queries": 20,
  "runs_per_query": 3,
  "model_id": "watsonx/meta-llama/llama-3-3-70b-instruct",
  "timestamp": "2026-04-27T00:26:39Z",
  "baseline": {
    "discovery": {
      "avg": 2.096480906200668,
      "median": 2.3369628750042466,
      "min": 0.0,
      "max": 2.5356384580009035,
      "std": 0.7311221119796274
    },
    "planning": {
      "avg": 10.28520647920086,
      "median": 9.756275812498643,
      "min": 0.0,
      "max": 55.777291624995996,
      "std": 11.520035237609225
    },
    "prefetch": {
      "avg": 0.41462451674960904,
      "median": 0.4438804169985815,
      "min": 0.0,
      "max": 0.968433374997403,
      "std": 0.23122345401676908
    },
    "execution": {
      "avg": 34.63862652084754,
      "median": 11.35730429150135,
      "min": 0.0,
      "max": 136.6837533319922,
      "std": 46.108220664791524
    },
    "summarization": {
      "avg": 5.015541397850393,
      "median": 3.5591275004990166,
      "min": 0.0,
      "max": 15.220453125002678,
      "std": 4.130660274116263
    },
    "total": {
      "avg": 56.901783552149936,
      "median": 37.30072693749753,
      "min": 0.0,
      "max": 152.92867587500223,
      "std": 50.82478009043631
    }
  },
  "optimized": {
    "discovery": {
      "avg": 0.0070807937998324634,
      "median": 0.007584896000480512,
      "min": 0.0,
      "max": 0.011914125003386289,
      "std": 0.0026505888304725455
    },
    "planning": {
      "avg": 8.225971224849127,
      "median": 9.42259225000089,
      "min": 0.0,
      "max": 16.992548833004548,
      "std": 4.567856738016417
    },
    "prefetch": {
      "avg": 0.0019694187998538838,
      "median": 0.001758562502800487,
      "min": 0.0,
      "max": 0.004586832998029422,
      "std": 0.001152330264117304
    },
    "execution": {
      "avg": 17.41526229185147,
      "median": 6.881696021500829,
      "min": 0.0,
      "max": 77.39030566600559,
      "std": 22.430071507657214
    },
    "summarization": {
      "avg": 5.1646147728995855,
      "median": 3.752418520998617,
      "min": 0.0,
      "max": 18.603748667002947,
      "std": 4.4834820447068715
    },
    "total": {
      "avg": 34.16392344799897,
      "median": 23.018176937501266,
      "min": 0.0,
      "max": 96.47054249999928,
      "std": 28.158599879004893
    }
  },
  "speedups": {
    "discovery": {
      "avg": 269.9508244354165,
      "median": 293.5144827453955,
      "min": 0,
      "max": 391.2185517253143,
      "std": 98.19059087849675
    },
    "execution": {
      "avg": 2.2665710702155257,
      "median": 1.3697129087611215,
      "min": 0,
      "max": 9.29805577622193,
      "std": 2.46650375716425
    },
    "total": {
      "avg": 1.5633430660536698,
      "median": 1.325195078690019,
      "min": 0,
      "max": 5.057196494370248,
      "std": 1.1404841263877563
    }
  }
}