{
  "num_queries": 20,
  "runs_per_query": 3,
  "model_id": "watsonx/meta-llama/llama-3-3-70b-instruct",
  "timestamp": "2026-04-26T22:34:24Z",
  "baseline": {
    "discovery": {
      "avg": 7.107537259993842,
      "median": 6.7577097000030335,
      "min": 0.0,
      "max": 19.121615200012457,
      "std": 3.2298187073570412
    },
    "planning": {
      "avg": 8.309088169998722,
      "median": 9.169965050008614,
      "min": 0.0,
      "max": 16.53725569997914,
      "std": 4.053325488073765
    },
    "execution": {
      "avg": 31.371675764993416,
      "median": 18.153453600010835,
      "min": 0.0,
      "max": 142.35809829999926,
      "std": 37.87850892431783
    },
    "summarization": {
      "avg": 5.423365564996493,
      "median": 3.41386244999012,
      "min": 0.0,
      "max": 19.85151179996319,
      "std": 5.265398353660588
    },
    "total": {
      "avg": 55.21906431999814,
      "median": 43.606453499989584,
      "min": 0.0,
      "max": 170.034113599977,
      "std": 43.21494271354816
    }
  },
  "optimized": {
    "discovery": {
      "avg": 0.035108619998209176,
      "median": 0.0468195500143338,
      "min": 0.0,
      "max": 0.05599109997274354,
      "std": 0.018340308128906753
    },
    "planning": {
      "avg": 7.697697159988456,
      "median": 8.570397150033386,
      "min": 0.0,
      "max": 16.458286899956875,
      "std": 4.213535821708766
    },
    "execution": {
      "avg": 25.828807925005094,
      "median": 13.703191500069806,
      "min": 0.0,
      "max": 117.00626729993382,
      "std": 34.20679402065944
    },
    "summarization": {
      "avg": 3.745177220000187,
      "median": 3.3597573500301223,
      "min": 0.0,
      "max": 11.412774399970658,
      "std": 3.019634453182279
    },
    "total": {
      "avg": 45.49684403499996,
      "median": 31.168925800011493,
      "min": 0.0,
      "max": 130.55340789997717,
      "std": 40.92757795481443
    }
  },
  "speedups": {
    "discovery": {
      "avg": 213.2640267402221,
      "median": 144.9527581869408,
      "min": 0,
      "max": 539.4226293949678,
      "std": 157.4234254273707
    },
    "execution": {
      "avg": 1.5616768490719561,
      "median": 1.3571547426807276,
      "min": 0,
      "max": 5.316617139892688,
      "std": 1.245333695010903
    },
    "total": {
      "avg": 1.2879331265740463,
      "median": 1.3667577352904288,
      "min": 0,
      "max": 3.4533797065602356,
      "std": 0.8134708603234
    }
  }
}