{
  "num_queries": 1,
  "runs_per_query": 3,
  "model_id": "watsonx/meta-llama/llama-3-3-70b-instruct",
  "timestamp": "2026-04-26T19:21:07Z",
  "baseline": {
    "discovery": {
      "avg": 6.679403599991929,
      "median": 6.679403599991929,
      "min": 6.679403599991929,
      "max": 6.679403599991929,
      "std": 0.0
    },
    "planning": {
      "avg": 9.892485900025349,
      "median": 9.892485900025349,
      "min": 9.892485900025349,
      "max": 9.892485900025349,
      "std": 0.0
    },
    "execution": {
      "avg": 96.95527349988697,
      "median": 96.95527349988697,
      "min": 96.95527349988697,
      "max": 96.95527349988697,
      "std": 0.0
    },
    "summarization": {
      "avg": 3.1551877000019886,
      "median": 3.1551877000019886,
      "min": 3.1551877000019886,
      "max": 3.1551877000019886,
      "std": 0.0
    },
    "total": {
      "avg": 129.38411849999102,
      "median": 129.38411849999102,
      "min": 129.38411849999102,
      "max": 129.38411849999102,
      "std": 0.0
    }
  },
  "optimized": {
    "discovery": {
      "avg": 0.0538003999972716,
      "median": 0.0538003999972716,
      "min": 0.0538003999972716,
      "max": 0.0538003999972716,
      "std": 0.0
    },
    "planning": {
      "avg": 10.506350699986797,
      "median": 10.506350699986797,
      "min": 10.506350699986797,
      "max": 10.506350699986797,
      "std": 0.0
    },
    "execution": {
      "avg": 20.20266199996695,
      "median": 20.20266199996695,
      "min": 20.20266199996695,
      "max": 20.20266199996695,
      "std": 0.0
    },
    "summarization": {
      "avg": 4.459601200011093,
      "median": 4.459601200011093,
      "min": 4.459601200011093,
      "max": 4.459601200011093,
      "std": 0.0
    },
    "total": {
      "avg": 56.16623169998638,
      "median": 56.16623169998638,
      "min": 56.16623169998638,
      "max": 56.16623169998638,
      "std": 0.0
    }
  },
  "speedups": {
    "discovery": {
      "avg": 124.15156021759437,
      "median": 124.15156021759437,
      "min": 124.15156021759437,
      "max": 124.15156021759437,
      "std": 0.0
    },
    "execution": {
      "avg": 4.799133574577726,
      "median": 4.799133574577726,
      "min": 4.799133574577726,
      "max": 4.799133574577726,
      "std": 0.0
    },
    "total": {
      "avg": 2.30359264960306,
      "median": 2.30359264960306,
      "min": 2.30359264960306,
      "max": 2.30359264960306,
      "std": 0.0
    }
  }
}